{
    "Test": {
        "H@1": 0.01361573373676248,
        "H@3": 0.038577912254160365,
        "H@10": 0.08623298033282904,
        "MRR": 0.05363631166547818
    }
}